{
    "AZEXO": {
        "last_tab": "0",
        "framework_confirmation": "0",
        "logo": {
            "url": "http:\/\/azexo.com\/elastic\/wp-content\/uploads\/2018\/07\/logo.png",
            "id": "28",
            "title": "logo",
            "caption": "",
            "alt": "",
            "description": ""
        },
        "brand-color": "#6278df",
        "accent-1-color": "#5ba533",
        "accent-2-color": "#bc2727",
        "single_post_template": "single-post",
        "default_post_template": "post",
        "show_sidebar": "right",
        "favicon": {
            "url": "",
            "id": "",
            "title": "",
            "caption": "",
            "alt": "",
            "description": ""
        },
        "custom-js": "",
        "single_azh_widget_template": "",
        "default_azh_widget_template": "",
        "azh_widget_show_sidebar": "hidden",
        "azh_widget_custom_sorting": ["menu_order", "date"],
        "azh_widget_custom_sorting_numeric_meta_keys": [""],
        "skin": "elastik",
        "header_sidebar_fullwidth": "0",
        "header_parts_fullwidth": "0",
        "middle_sidebar_fullwidth": "0",
        "content_fullwidth": "0",
        "footer_sidebar_fullwidth": "0",
        "show_page_title": "0",
        "show_breadcrumbs": "0",
        "author_bio": "0",
        "post_navigation": "hidden",
        "post_navigation_full": "0",
        "post_navigation_previous": "",
        "post_navigation_next": "",
        "related_posts": "0",
        "comments": "1",
        "comment_likes": "0",
        "default_title": "Latest posts",
        "post_page_title": "",
        "strip_excerpt": "1",
        "excerpt_length": "15",
        "comment_excerpt_length": "15",
        "author_avatar_size": "100",
        "avatar_size": "60",
        "related_posts_carousel_margin": "0",
        "before_list_place": "inside_content_area",
        "google_font_families": ["Work+Sans:100,300,400,500,600,700", "Work+Sans:100,300,400,500,600,700", "Work+Sans:100,300,400,500,600,700"],
        "templates": ["Single post", "Widget popular"],
        "meta_fields": [""],
        "post_show_thumbnail": "1",
        "post_image_thumbnail": "0",
        "post_gallery_slider_thumbnails": "0",
        "post_gallery_slider_thumbnails_vertical": "0",
        "post_zoom": "0",
        "post_lazy": "0",
        "post_show_carousel": "0",
        "post_thumbnail_size": "527.500x280",
        "post_show_title": "0",
        "post_show_content": "excerpt",
        "post_excerpt_length": "20",
        "post_excerpt_words_trim": "1",
        "post_more_inside_content": "1",
        "post_meta": ["post_author", "post_date", "post_category"],
        "post_header": ["post_title"],
        "post_footer": ["post_read_more"],
        "masonry_post_show_thumbnail": "1",
        "masonry_post_image_thumbnail": "0",
        "masonry_post_gallery_slider_thumbnails": "0",
        "masonry_post_gallery_slider_thumbnails_vertical": "0",
        "masonry_post_zoom": "0",
        "masonry_post_lazy": "0",
        "masonry_post_show_carousel": "0",
        "masonry_post_thumbnail_size": "large",
        "masonry_post_show_title": "1",
        "masonry_post_show_content": "content",
        "masonry_post_excerpt_length": "15",
        "masonry_post_excerpt_words_trim": "1",
        "masonry_post_more_inside_content": "1",
        "navigation_post_show_thumbnail": "1",
        "navigation_post_image_thumbnail": "0",
        "navigation_post_gallery_slider_thumbnails": "0",
        "navigation_post_gallery_slider_thumbnails_vertical": "0",
        "navigation_post_zoom": "0",
        "navigation_post_lazy": "0",
        "navigation_post_show_carousel": "0",
        "navigation_post_thumbnail_size": "large",
        "navigation_post_show_title": "1",
        "navigation_post_show_content": "content",
        "navigation_post_excerpt_length": "15",
        "navigation_post_excerpt_words_trim": "1",
        "navigation_post_more_inside_content": "1",
        "related_post_show_thumbnail": "1",
        "related_post_image_thumbnail": "0",
        "related_post_gallery_slider_thumbnails": "0",
        "related_post_gallery_slider_thumbnails_vertical": "0",
        "related_post_zoom": "0",
        "related_post_lazy": "0",
        "related_post_show_carousel": "0",
        "related_post_thumbnail_size": "large",
        "related_post_show_title": "1",
        "related_post_show_content": "content",
        "related_post_excerpt_length": "15",
        "related_post_excerpt_words_trim": "1",
        "related_post_more_inside_content": "1",
        "single-post_show_thumbnail": "1",
        "single-post_image_thumbnail": "0",
        "single-post_gallery_slider_thumbnails": "0",
        "single-post_gallery_slider_thumbnails_vertical": "0",
        "single-post_zoom": "0",
        "single-post_lazy": "0",
        "single-post_show_carousel": "0",
        "single-post_thumbnail_size": "827.500x380",
        "single-post_show_title": "0",
        "single-post_show_content": "content",
        "single-post_excerpt_length": "15",
        "single-post_excerpt_words_trim": "1",
        "single-post_more_inside_content": "1",
        "single-post_meta": ["post_author", "post_date", "post_category"],
        "single-post_header": ["post_title"],
        "single-post_footer": ["post_tags", "post_share"],
        "widget-popular_show_thumbnail": "1",
        "widget-popular_image_thumbnail": "1",
        "widget-popular_gallery_slider_thumbnails": "0",
        "widget-popular_gallery_slider_thumbnails_vertical": "0",
        "widget-popular_zoom": "0",
        "widget-popular_lazy": "0",
        "widget-popular_show_carousel": "0",
        "widget-popular_thumbnail_size": "70x70",
        "widget-popular_show_title": "1",
        "widget-popular_show_content": "hidden",
        "widget-popular_excerpt_length": "15",
        "widget-popular_excerpt_words_trim": "1",
        "widget-popular_more_inside_content": "1",
        "widget-popular_meta": ["post_date"],
        "post_title_prefix": "",
        "post_summary_prefix": "",
        "post_content_prefix": "",
        "post_thumbnail_prefix": "",
        "post_video_prefix": "",
        "post_gallery_prefix": "",
        "post_sticky_prefix": "",
        "post_date_prefix": "",
        "post_splitted_date_prefix": "",
        "post_author_prefix": "Author:",
        "post_author_avatar_prefix": "",
        "post_category_prefix": "",
        "post_tags_prefix": "Tags:",
        "post_like_prefix": "",
        "post_last_comment_prefix": "",
        "post_last_comment_author_prefix": "",
        "post_last_comment_author_avatar_prefix": "",
        "post_last_comment_date_prefix": "",
        "post_comments_count_prefix": "",
        "post_read_more_prefix": "",
        "post_share_prefix": "Share This Post",
        "post_comments_prefix": "",
        "post_navigation_prefix": "",
        "profile-video_prefix": "",
        "profile-working-hours_prefix": "",
        "profile-add-review_prefix": "",
        "profile-reviews-count_prefix": "",
        "profile-gmap-location_prefix": "",
        "profile-open_prefix": "",
        "taxonomy_category_image": {
            "url": "",
            "id": "",
            "title": "",
            "caption": "",
            "alt": "",
            "description": ""
        },
        "taxonomy_category_hide_empty": "0",
        "taxonomy_category_prefix": "",
        "taxonomy_category_suffix": "",
        "taxonomy_post_tag_image": {
            "url": "",
            "id": "",
            "title": "",
            "caption": "",
            "alt": "",
            "description": ""
        },
        "taxonomy_post_tag_hide_empty": "0",
        "taxonomy_post_tag_prefix": "",
        "taxonomy_post_tag_suffix": "",
        "taxonomy_nav_menu_image": {
            "url": "",
            "id": "",
            "title": "",
            "caption": "",
            "alt": "",
            "description": ""
        },
        "taxonomy_nav_menu_hide_empty": "0",
        "taxonomy_nav_menu_prefix": "",
        "taxonomy_nav_menu_suffix": "",
        "taxonomy_link_category_image": {
            "url": "",
            "id": "",
            "title": "",
            "caption": "",
            "alt": "",
            "description": ""
        },
        "taxonomy_link_category_hide_empty": "0",
        "taxonomy_link_category_prefix": "",
        "taxonomy_link_category_suffix": "",
        "taxonomy_post_format_image": {
            "url": "",
            "id": "",
            "title": "",
            "caption": "",
            "alt": "",
            "description": ""
        },
        "taxonomy_post_format_hide_empty": "0",
        "taxonomy_post_format_prefix": "",
        "taxonomy_post_format_suffix": "",
        "taxonomy_widget_type_image": {
            "url": "",
            "id": "",
            "title": "",
            "caption": "",
            "alt": "",
            "description": ""
        },
        "taxonomy_widget_type_hide_empty": "0",
        "taxonomy_widget_type_prefix": "",
        "taxonomy_widget_type_suffix": "",
        "purchased_prefix": "",
        "discount_prefix": "",
        "sale_time_left_prefix": "",
        "availability_prefix": "",
        "last_review_rating_prefix": "",
        "3509_prefix": "",
        "3294_prefix": "",
        "3495_prefix": "",
        "3493_prefix": "",
        "3344_prefix": "",
        "shop_title": "Shop",
        "review_form_placeholders": "0",
        "custom_sorting": ["menu_order", "popularity", "rating", "date", "price", "price-desc"],
        "custom_sorting_numeric_meta_keys": [""],
        "shop_modes": "0",
        "show_data_tabs": "1",
        "show_ratings_summary": "0",
        "review_marks": [""],
        "review_likes": "0",
        "azh_widget_additional_sidebar": "",
        "azh_widget_before_list": [],
        "header": [],
        "4123_prefix": "",
        "4130_prefix": ""
    },
    "azh-settings": {
        "post-types": {
            "page": "1",
            "azh_widget": "1"
        },
        "container-widths": "768px:750px\r\n1100px:1070px\r\n1400px:1370px",
        "main-google-font": "Work Sans",
        "main-border-radius": "4",
        "header-google-font": "Work Sans",
        "header-font-size": "38",
        "header-line-height": "50",
        "header-font-weight": "400",
        "paragraph-font-size": "18",
        "paragraph-line-height": "26",
        "paragraph-font-weight": "300",
        "google-fonts": "",
        "prefix": "azen",
        "azh-uri": ""
    }
}